Audio Path,Polarity,length,chroma_stft_mean,chroma_stft_var,rms_mean,rms_var,spectral_centroid_mean,spectral_centroid_var,spectral_bandwidth_mean,spectral_bandwidth_var,rolloff_mean,rolloff_var,zero_crossing_rate_mean,zero_crossing_rate_var,harmony_mean,harmony_var,perceptr_mean,perceptr_var,tempo,mfcc1_mean,mfcc1_var,mfcc2_mean,mfcc2_var,mfcc3_mean,mfcc3_var,mfcc4_mean,mfcc4_var,mfcc5_mean,mfcc5_var,mfcc6_mean,mfcc6_var,mfcc7_mean,mfcc7_var,mfcc8_mean,mfcc8_var,mfcc9_mean,mfcc9_var,mfcc10_mean,mfcc10_var,mfcc11_mean,mfcc11_var,mfcc12_mean,mfcc12_var,mfcc13_mean,mfcc13_var,mfcc14_mean,mfcc14_var,mfcc15_mean,mfcc15_var,mfcc16_mean,mfcc16_var,mfcc17_mean,mfcc17_var,mfcc18_mean,mfcc18_var,mfcc19_mean,mfcc19_var,mfcc20_mean,mfcc20_var
audios01/train/DC/240912-143112_Audio/drums_louder.wav,DC,37.73875,0.5597797,0.06303228,0.014081746,3.937006e-05,1803.9862145666018,113453.48836004015,1053.424527184353,16991.565587429308,3067.3132944915255,150609.55469514476,0.3922023967161017,0.01088895985669906,-6.6700723e-06,5.0718907e-05,-8.95856e-06,0.00010068412,[117.1875],-241.10783,9213.862,-0.94559014,2292.694,-17.42153,1374.4243,-28.39815,891.6252,-7.285207,656.3004,-6.1544137,347.91187,-33.198517,452.83618,2.9998004,353.61694,-14.485786,214.21983,-1.6493418,116.91446,-1.7606494,113.92672,-0.29426974,118.79918,-1.8529463,84.16287,-1.0798067,85.56176,-3.8499942,61.646862,5.2291355,87.41295,-4.6045346,53.305126,4.731842,77.72784,0.123228736,59.231792,2.3775747,51.472805
audios01/train/DC/240826-130851_Audio/drums_louder.wav,DC,19.84,0.3166971,0.10834097,0.0035060348,2.3078797e-05,1859.0085036331836,537335.679086427,784.9211910271957,61567.677752026684,2683.920317524116,736061.7009676995,0.4176202019694534,0.04517521622905135,-1.2604898e-05,7.743967e-06,-2.3502726e-06,2.0999883e-05,[104.16666667],-618.8316,33905.047,-36.039364,6292.1416,1.2040639,3240.334,25.909937,1964.1887,-1.6688362,1274.3677,-26.684994,614.0584,10.615786,1591.7264,-12.004234,783.0246,-34.016006,370.62784,-0.3699967,828.1357,-5.9981656,402.9801,-10.073811,144.52072,10.814067,324.06686,1.5313593,137.12709,7.782083,208.75842,17.919466,186.64586,-18.143993,148.67833,10.283281,160.12627,4.008517,99.90219,4.93342,141.69363
audios01/train/DC/240826-131645_Audio/drums_louder.wav,DC,84.096,0.38544562,0.096314326,0.013435178,0.00035078527,1245.0330984835557,276973.3638154123,718.4356736658445,102739.6127719632,1969.243108365019,941419.3742395777,0.2652325184173004,0.015040180688754434,-8.51306e-06,6.2167914e-05,-5.3353506e-06,0.00032364464,[85.22727273],-426.59415,33433.113,40.46708,6233.274,-35.335155,3375.0913,-26.767937,1490.2781,13.434984,1207.0692,2.3036363,714.3237,-12.372203,443.61365,-1.4493314,363.9931,2.767824,272.95654,-1.1277511,190.97787,-3.9320357,187.4061,3.7639618,127.55846,5.100972,130.91743,-1.7838955,140.99266,-3.087414,89.629486,1.7577733,67.43012,-7.326533,75.6698,-2.0053992,62.38907,0.07196031,73.73035,3.9593723,59.961964
audios01/train/DC/240926-132553_Audio/drums_louder.wav,DC,6.784125,0.30262506,0.101936646,0.005711677,0.000114485985,1568.1424630682477,157442.64061204687,1014.7819110913642,101514.00912794845,2695.714077102804,721516.8133543323,0.2706036433995327,0.013755350198711576,-1.1589088e-05,9.152074e-07,-3.2529847e-06,0.00014154695,[72.11538462],-595.56665,35934.98,9.541339,1934.1959,-14.538505,5533.149,-14.402188,1783.0632,-10.880818,1276.4331,18.070107,638.73065,18.554869,785.8547,0.1981917,493.0874,-5.8432636,553.11847,-12.768782,274.96097,8.140859,549.19727,-7.702155,224.82684,3.5198522,64.984764,6.0274854,139.20016,5.4696383,150.069,-2.5275335,67.44888,-5.6448636,85.63233,-0.9363222,70.71446,-0.40995523,55.07417,6.2833357,83.34984
audios01/train/DC/240926-133519_Audio/drums_louder.wav,DC,67.008125,0.5112159,0.079724446,0.017129263,0.00012045337,1772.6277709697565,106683.43345652908,1027.43606006677,28250.958773846352,2982.0044131679388,216906.0747937843,0.3910573711832061,0.013199546468972702,-5.5688956e-06,9.8889665e-05,-9.336467e-06,0.00015800678,[156.25],-264.78397,34588.832,-0.8275692,1716.6958,-26.650574,1220.0123,-27.846117,1041.7062,-6.7024555,835.6385,-1.0094585,302.9137,-15.93356,278.63943,16.463757,237.23557,-2.8257987,138.4598,4.329744,141.7081,0.08409532,104.44264,2.792569,143.45822,-7.6624184,139.22635,-5.9608445,77.9751,-1.2950388,61.527275,7.2357206,58.694023,-6.528953,55.941242,6.0757337,53.1752,0.92104787,39.83714,5.494892,44.24718
audios01/train/DC/240926-132033_Audio/drums_louder.wav,DC,68.13875,0.53499794,0.07730573,0.02171649,0.00015437278,1721.9484804004376,124499.66892984138,1008.7041651829779,22075.108592964196,2983.7331279342725,198720.07048172865,0.3674745085093897,0.010933925745367345,-5.7916245e-06,0.00015847008,-9.402795e-06,0.00020582638,[156.25],-249.94618,40378.91,-0.22439206,4058.2039,-44.146538,1107.1519,-41.15532,1134.688,-1.2343085,519.58057,-7.03995,566.81165,-12.623821,189.08195,20.38626,344.5644,-10.998955,525.8635,8.45529,168.91522,-0.26502743,121.575325,0.30213237,90.28983,-2.3052921,108.68982,-8.620346,83.48093,-3.8559308,64.67525,3.6748898,51.64102,-11.761233,72.377655,4.80629,62.38662,-1.6736904,40.720825,2.07013,40.94133
audios01/train/DC/240912-143741_Audio/drums_louder.wav,DC,31.53075,0.59239423,0.04889919,0.021543635,3.4488054e-05,1508.321069878099,30815.34326496399,1016.4518013950059,7418.243374419359,2849.407327586207,96935.46352531892,0.27630082879056794,0.0015826988870779963,-8.095628e-06,0.0001372367,-7.387006e-06,0.00014934856,[133.92857143],-182.63445,4076.7246,13.678973,1379.8854,-52.645573,719.6045,-61.92036,709.5141,-29.563389,276.69904,-12.193271,154.3178,-38.077553,107.62991,-2.5431614,123.890465,-10.899094,150.43263,1.2251368,159.33284,-1.6954502,101.50489,2.2215836,99.93933,-8.12852,89.47967,2.5718055,44.967278,0.25696507,56.780212,2.0815566,58.32856,-2.356944,56.900917,5.3366337,34.417,-6.252516,35.266094,7.5682154,27.978455
audios01/train/DC/240912-142509_Audio/drums_louder.wav,DC,40.768125,0.5811381,0.05558297,0.020028895,6.412613e-05,1596.4166533702191,117861.7875032995,1017.5487540037814,21225.727929512344,2855.4136461598746,298821.305733343,0.32268579178095613,0.00827467201818848,-4.656148e-06,0.00011210783,-9.902248e-06,0.00017406409,[104.16666667],-191.78096,6601.71,23.541304,2165.2534,-24.708355,876.8083,-39.18988,553.1406,-11.260275,374.86398,3.1942751,319.10117,-28.886328,225.37912,3.6348126,195.01704,-9.941179,149.6458,0.09656756,88.967766,-0.7891294,80.38702,-2.4098742,84.75118,-9.654368,75.38011,1.6232626,60.555153,-4.0152745,97.4019,3.386366,63.674706,-1.0409161,47.37757,5.8033767,45.724804,1.2647219,65.680885,5.9242,53.809616
audios01/train/DC/240926-132346_Audio/drums_louder.wav,DC,74.41075,0.4515457,0.09147788,0.016380595,0.00010974042,1877.4233614396219,219364.99398996364,1001.9887668266452,30403.755205271893,3011.6381395098883,371486.40475651686,0.4262120123065348,0.019617734824917167,-7.544496e-06,9.8656696e-05,-6.942704e-06,0.00012780094,[156.25],-318.8977,50034.62,-16.345304,3538.835,-31.461931,2082.5396,-28.517527,1638.1127,-7.4947033,1068.5042,1.8718714,410.86313,-7.82328,488.88318,11.655849,380.23553,-11.116608,268.02957,-0.75418884,220.65788,1.3782836,261.25476,-0.4355665,114.521225,-9.846953,159.50748,-7.224706,161.05328,-4.0681815,101.496994,-0.5749764,57.051334,-9.319143,106.3536,2.0836535,86.58578,1.0272282,54.663918,4.4828978,85.11647
audios01/train/DC/240926-133051_Audio/drums_louder.wav,DC,54.165375,0.5434688,0.06542062,0.02124268,0.00012874439,1855.2827083268076,132188.0974925018,980.9070265690307,13508.829229866558,3017.6357733175914,163695.74078241922,0.42449742196723733,0.012097188008819782,-3.9011597e-06,0.00014178402,-1.04206465e-05,0.00020459204,[133.92857143],-193.12401,5570.432,-17.532984,3386.9038,-31.715513,1533.4362,-22.805458,657.234,-14.92976,282.56924,-1.2357764,252.14015,-20.524345,218.31133,12.313466,173.83025,0.73893553,114.218605,9.000034,132.97124,0.60414714,177.01512,7.4410467,77.78256,-4.789637,75.26029,-5.8343325,111.758026,-7.135136,65.23163,10.277802,61.70255,-4.9410057,47.039375,0.60647184,50.180088,2.2450044,41.605373,7.2508726,30.819874
audios01/train/DC/240926-130058_Audio/drums_louder.wav,DC,47.189375,0.5578445,0.0620185,0.020253086,6.744371e-05,1924.8159557016475,76561.97343109138,1025.6760965048268,8333.841930000035,3127.244241192412,21079.3844307589,0.43609734925474253,0.009042715324328286,-5.0535004e-06,0.00012616978,-1.0258173e-05,0.00015700924,[93.75],-196.24144,6165.269,-28.43718,2871.9775,-24.854757,1360.1862,-19.894094,933.1222,-21.70163,524.5245,-7.2109933,202.3101,-22.879288,275.10574,13.286901,218.48903,-3.511915,161.58806,7.372354,103.93026,3.5727758,89.81072,0.8569847,122.424545,-8.719132,103.183014,-3.5390797,65.20176,-4.394591,105.42214,6.019035,72.62191,-6.303713,39.776184,6.8892865,54.48193,6.4582667,89.18886,3.5709808,77.84134
audios01/train/DC/240926-132919_Audio/drums_louder.wav,DC,50.66675,0.5682488,0.05888302,0.020791681,7.227064e-05,1879.125870937071,101376.08500760472,1048.0211541301849,8300.917899357222,3128.0776515151515,75783.39940150798,0.41508406822127525,0.011207822679108035,-3.5469486e-06,0.000143761,-1.1618827e-05,0.00015920372,[104.16666667],-192.31668,3233.3298,-14.442517,2443.5972,-25.182981,2043.5448,-34.884094,803.4159,-9.681656,566.21204,10.452909,299.22623,-12.950802,260.82593,17.56546,184.62181,-2.6507077,116.594536,9.286124,146.44409,5.606513,193.77759,2.3551145,110.98664,-7.749143,82.88181,-0.83504725,96.85867,-8.227904,79.48603,6.057601,72.9059,-4.584999,67.410225,0.73430026,44.437283,3.4505584,53.595894,7.7367063,52.889492
audios01/train/DC/240926-125621_Audio/drums_louder.wav,DC,55.189375,0.59075373,0.062012874,0.026188184,0.00021190768,1530.4438198240462,243802.7726306249,952.987868622867,48560.60277427415,2697.747682502897,598169.6845094938,0.3190779348928158,0.0162692260782139,-5.589183e-06,0.00025709174,-1.19287415e-05,0.00032813245,[117.1875],-191.97635,10685.354,31.06857,6994.92,-35.098564,1449.9762,-45.767395,1180.5891,-9.296525,741.89526,-6.9557266,324.9359,-26.806665,239.30626,10.79722,423.53043,-2.9825397,203.27582,3.7997382,163.29837,0.3027833,131.02806,-0.13375893,97.98309,-10.450636,113.718315,-0.6756107,89.90558,-8.850209,69.47355,-1.5382977,57.39755,-10.387762,55.101635,2.8301027,62.87746,-1.3489805,56.93704,2.106285,76.4018
audios01/train/DC/240912-143832_Audio/drums_louder.wav,DC,35.84,0.58661973,0.054003365,0.021951852,5.3589367e-05,1444.1922185913018,54856.85288257881,1007.1030966944759,2811.4141609068565,2784.4460227272725,47354.12746015891,0.26880448557263814,0.003843633960567505,-4.3342247e-06,0.00015996053,-1.1158118e-05,0.00015441982,[133.92857143],-189.1267,13766.57,28.490892,2351.8726,-36.68044,1152.9481,-38.101555,750.1789,-13.917226,474.42587,-2.5146425,229.8171,-28.190739,201.9326,9.448105,103.411896,-11.274815,133.07529,3.8327732,84.667336,-0.13654184,75.94277,-0.57230973,72.63165,-6.1607456,90.481674,1.3887811,32.302635,-2.4531996,45.19124,3.0685945,57.15791,-7.138769,54.58643,3.301981,32.718155,-6.9571624,37.305344,5.0333004,30.892342
audios01/train/DC/240926-131547_Audio/drums_louder.wav,DC,57.19475,0.51923406,0.064323,0.023736807,4.907714e-05,1752.4514386311535,78552.14558761862,1045.666053954762,9852.789415682184,3061.853327740492,83933.94758461615,0.37625292750279643,0.009275537637593223,-4.0218915e-06,0.00019430973,-1.1286198e-05,0.00016871707,[133.92857143],-165.09857,1846.6434,1.5467362,1732.8982,-25.714342,1269.4222,-21.683147,589.67303,-2.3564174,348.7224,-4.786755,379.01273,-24.364838,191.11469,10.063016,130.82271,-6.9433103,119.68701,1.3787879,96.72043,-9.678188,113.13995,5.5584626,60.178947,-7.9608927,68.44974,-9.604828,83.08863,-8.952119,41.66346,8.434563,44.501778,-4.077456,65.72476,4.11451,33.95884,-0.7450278,54.235092,6.244808,37.165226
audios01/train/DC/240826-131533_Audio/drums_louder.wav,DC,49.877375,0.35070217,0.100183845,0.0075084832,0.00026463778,1257.742591971928,442964.82262186514,617.8185283260457,113852.88813592675,1821.7848557692307,1147392.8438747188,0.2785068609775641,0.021886796263156167,-1.0815148e-05,1.2016416e-05,-1.3146133e-05,0.00026994158,[187.5],-524.5628,15333.197,44.984936,8086.0283,-41.07157,3617.252,-48.241932,2184.456,24.033724,998.2297,9.725453,890.7469,-16.584808,547.85486,-3.2264001,530.9118,0.55393726,339.2027,-7.481839,355.99423,-10.653116,234.60637,1.7199638,128.74655,7.7314634,150.26514,2.1496289,163.36237,-1.7345293,119.59433,-1.3240656,91.61581,-4.433848,114.435905,-2.0826364,72.21525,2.7324238,76.04051,7.3216815,75.36654
audios01/train/DC/240926-124937_Audio/drums_louder.wav,DC,60.501375,0.59441715,0.057588257,0.03125241,0.00015300745,1561.3457838798793,47584.26317300375,1005.0511618636885,7800.9504657123925,2847.0162196088795,143592.48935294733,0.32590399131210357,0.004070063792427682,-6.3155076e-06,0.00031597374,-1.24138905e-05,0.00032523138,[156.25],-149.81984,12723.454,15.336359,1505.3668,-45.461555,654.4673,-39.99625,488.58334,-18.866943,239.64091,-8.134229,153.62044,-25.771704,144.89882,12.489786,116.53465,-8.475119,187.82849,-0.37434566,104.370224,-6.5144234,84.57443,0.39175868,80.82857,-11.638166,123.485535,-8.853532,66.39056,-4.8054805,57.271187,1.0536842,39.975792,-8.743434,54.153305,2.5177288,53.67009,-1.47421,47.756924,3.5144835,38.152447
audios01/train/DC/240926-133350_Audio/drums_louder.wav,DC,52.52275,0.5197178,0.06680381,0.02012399,0.00010650307,1743.6476650658076,139538.61648167725,1020.8082308690645,28347.836571091466,2960.3094549330085,291862.84606972797,0.38643089601096225,0.011298026489693046,-5.3291124e-06,0.00011567346,-8.9401665e-06,0.00019450241,[156.25],-207.66904,14892.857,-0.9510916,2854.1711,-27.736866,1315.745,-29.388008,1133.5651,-17.814793,635.051,-6.8805633,323.2098,-21.963324,306.88327,12.249272,204.84389,-2.0566096,164.67943,5.7582374,130.63857,-0.28213185,183.79944,3.2241054,91.04638,-7.065606,97.72673,-8.043458,69.035225,-4.7301006,72.38311,6.585274,49.340435,-8.833302,58.011894,5.193969,52.443542,1.2953051,45.4484,4.074081,48.29995
audios01/train/DC/240926-132625_Audio/drums_louder.wav,DC,52.26675,0.49901497,0.075249836,0.015725529,4.8867932e-05,1993.3244528282585,120100.14518695952,1100.509040009277,25021.4620733441,3231.950925642595,85259.43405059859,0.4423559181839045,0.015026057662817905,-4.9725213e-06,8.385775e-05,-9.729842e-06,9.225593e-05,[117.1875],-248.80826,8606.677,-10.135635,2582.035,11.795761,2833.168,-25.99233,1452.1951,-12.893484,387.1599,1.3931047,539.8896,-11.67789,570.22906,13.16352,201.17696,-16.91058,483.70398,6.1948495,250.92567,7.0711207,260.9109,2.108585,84.5534,-10.397276,122.72365,-5.924139,109.06741,-11.527033,114.28624,0.8926443,52.647923,-12.272847,72.33408,6.8991966,66.39884,4.827725,94.69062,2.879371,71.15839
audios01/train/DC/240926-125744_Audio/drums_louder.wav,DC,49.152125,0.5989712,0.049147837,0.025280738,5.957926e-05,1701.8355694267034,86937.593177319,1024.4485032186212,9093.72507057414,3003.3017717815346,106941.58199742972,0.3553512831193108,0.0073753198486460345,-8.286647e-06,0.00020055182,-8.230598e-06,0.00019766168,[117.1875],-168.08995,5883.2456,-10.514211,3195.202,-50.07459,1219.5789,-49.41523,615.1911,-25.51954,437.65686,-6.605743,250.00275,-26.34181,204.88457,3.4646099,138.08646,-7.8177385,80.24893,4.6141214,122.608894,-4.4372087,113.47349,-2.507573,88.88504,-12.821081,66.96169,-4.4970655,70.63533,-7.599076,48.72718,-0.7741518,58.82929,-11.793152,49.93171,0.8886151,30.861414,-1.7025708,42.842247,3.6044915,47.907753
audios01/train/DC/240926-130451_Audio/drums_louder.wav,DC,45.909375,0.5789047,0.057046182,0.022989474,7.949553e-05,1809.3452319592084,64917.75983893917,1030.2876018443164,6300.4382662399385,3026.995560584958,98922.60825631875,0.4014589952559192,0.00665692287467371,-6.685065e-06,0.000166222,-9.627437e-06,0.00018343546,[104.16666667],-171.30167,2718.3752,-11.372057,920.1789,-32.934284,877.25903,-32.005013,706.1683,-28.002905,500.66714,-14.620088,308.01385,-28.809475,228.49817,12.528165,149.95284,-10.895526,338.59262,2.497761,166.41382,-4.8172092,131.56303,-3.1836,89.885025,-11.624902,88.60931,-7.6829247,49.918655,-8.117601,85.472916,8.774092,60.19017,-6.000748,34.897285,5.486846,52.761307,5.675219,80.44223,4.6014104,43.849957
audios01/train/DC/240926-132750_Audio/drums_louder.wav,DC,52.181375,0.4721954,0.07418356,0.01644178,4.5860423e-05,2126.934353376749,74643.22314858524,994.5199252082352,18444.93543319243,3232.7138863357845,15959.523517963567,0.5080171472886029,0.00837662718511233,-7.262324e-06,8.0589256e-05,-7.976226e-06,0.00010991727,[85.22727273],-237.58647,4800.228,-53.460846,3346.0059,-22.953518,1903.3247,-24.17162,1134.8026,-19.010593,630.00726,-0.8731929,285.7006,-12.79462,400.67056,23.676748,192.69064,-4.7263856,245.10582,6.7212267,212.46408,8.023511,182.26646,6.36402,91.77062,-14.10612,83.73464,-10.341172,105.18266,-3.1568358,57.970886,0.34386864,51.43906,-13.276738,75.44384,5.422088,66.743065,-1.0181355,47.971977,0.3503044,60.176796
audios01/train/DC/240826-131027_Audio/drums_louder.wav,DC,15.253375,0.28298435,0.09912445,0.0040020756,7.077437e-05,1817.1694484660684,388945.95805564144,920.8014179438122,57777.777477696305,2765.853817991632,998397.5832578471,0.4020311682792887,0.02964885170429152,-1.4393885e-05,3.4342127e-06,-3.9728644e-07,7.46031e-05,[62.5],-631.07166,14452.805,-11.401451,1404.3114,-59.579857,2567.4111,-58.658016,3062.3772,55.6197,1072.6326,5.617021,905.4813,-2.1422746,390.57263,3.7152994,480.58002,6.379518,413.8283,-10.052453,248.67438,-10.948071,163.31297,5.619048,144.81096,5.7901497,132.01317,6.071805,127.16744,2.0295808,150.95355,3.8297606,95.72001,-7.6955056,85.24514,-0.6915311,99.54189,-0.4673891,90.09774,6.802625,72.06706
audios01/train/DC/240926-125417_Audio/drums_louder.wav,DC,44.58675,0.58261794,0.054495007,0.030422075,7.718069e-05,1665.3979250440461,55141.40124976913,975.971875746664,10253.25672711193,2918.5235832137732,87289.70757914409,0.34459485966642756,0.004078529586151719,-8.012913e-06,0.0003001294,-8.6842265e-06,0.00025932764,[133.92857143],-158.61879,8464.031,-21.601923,2982.9373,-72.44248,1318.0026,-52.763508,586.1229,-22.657814,358.39395,-4.0673018,187.0085,-23.961767,184.716,4.0347476,106.908875,-5.0141153,117.154816,10.004098,133.34044,1.5337809,165.40602,0.7706693,85.746895,-9.308554,68.61463,-4.810925,49.629734,-7.7458878,29.90865,1.9882317,38.07224,-8.6320305,36.603218,0.10650784,41.25908,-4.55959,25.427088,5.1152616,23.767075
audios01/train/DC/240912-142311_Audio/drums_louder.wav,DC,46.677375,0.6183315,0.049297146,0.0212122,5.719675e-05,1595.7562488678172,97251.55819938697,1026.7080623356019,12779.006225458728,2884.3214897260273,142356.03777770366,0.33059249250856165,0.008490179308943016,-2.3862501e-06,0.00013333355,-1.2498646e-05,0.00016021472,[117.1875],-170.8596,2980.0334,27.278166,2211.0178,-22.68691,599.8127,-25.649721,341.84747,-7.339114,283.8915,-0.1406051,284.64453,-21.96636,196.55942,11.385603,146.51765,-6.6132793,176.07033,6.170342,74.40533,3.8953922,113.51727,-0.36066693,119.74766,-4.3665943,65.396454,0.37942263,69.32441,-4.6018767,37.673714,0.69423544,82.094444,-7.519898,70.16496,3.9863641,52.299335,-0.6099091,56.445835,0.39799988,54.598797
audios01/train/DC/240912-143635_Audio/drums_louder.wav,DC,37.41875,0.5669652,0.05432867,0.020369822,3.7183523e-05,1543.6159242404958,64459.12284391044,1013.1257011943536,12271.595281274876,2846.9417735042734,160194.5255392959,0.304615718482906,0.004298888865603324,-4.075558e-06,0.00011953672,-1.2152428e-05,0.00014574603,[133.92857143],-177.46687,3584.8,25.995178,1796.7335,-33.870773,491.17264,-40.733887,405.13403,-14.826469,147.32121,-0.91604006,179.60419,-26.593697,105.07816,3.1489909,132.4138,-7.8909473,81.45714,4.6531725,112.78882,-1.624387,71.803024,1.7239927,62.68976,-10.270739,55.72595,-2.4157696,68.69941,3.1646788,84.37158,2.3936386,50.337246,-4.5555944,48.14484,5.91803,36.175694,-4.346481,25.644993,4.8114614,33.188995
audios01/train/DC/240826-131425_Audio/drums_louder.wav,DC,37.61075,0.40677094,0.10077341,0.010573027,0.0002670307,1213.7196126951853,233748.5279726697,608.5566870770357,100765.6610809822,1836.2430909863945,774113.5681920615,0.2551684736394558,0.012460174507145703,-9.721927e-06,3.2328473e-05,-2.366224e-06,0.0002453668,[117.1875],-472.84576,29852.922,36.969696,9539.42,-72.31535,3166.2012,-42.682972,1764.4675,26.651527,911.18536,16.218979,663.71674,-7.89114,396.14014,3.9329872,220.36667,3.6944697,273.15143,-8.099569,292.4682,-5.0963745,262.34943,6.1714706,236.36159,7.851242,200.5377,5.488301,200.33627,0.67775285,126.67634,0.85103,76.954285,-8.205488,83.82026,-1.7072561,78.79197,1.6965836,82.56986,6.9041,81.77408
audios01/train/DC/240912-142846_Audio/drums_louder.wav,DC,40.61875,0.5537476,0.060208905,0.016966509,5.166877e-05,1760.259859830952,69784.48730610767,1001.9738744856544,3946.510649953118,3019.3467027559054,66083.35438350563,0.3642508919783465,0.0076532614972426,-4.4813396e-06,8.4891624e-05,-1.00222105e-05,0.00011633884,[117.1875],-220.81241,9170.311,-14.95153,2053.9434,-47.936165,1141.4897,-38.415405,1441.2812,-1.9535358,512.85364,12.376492,410.9694,-19.058704,248.40845,15.251749,256.5661,0.1986356,174.13203,6.2865386,89.08833,3.689307,123.664665,4.4944263,75.20791,-6.014852,75.76762,5.845565,48.681877,-1.0233588,70.61783,-2.737799,39.721806,-7.048563,65.66615,3.0322556,63.816654,-5.0711374,62.1218,5.462866,30.815619
audios01/train/DC/240912-143431_Audio/drums_louder.wav,DC,35.605375,0.5416552,0.05944512,0.016169809,3.269516e-05,1700.0610026336565,50898.010677624996,1075.4759122900232,4186.689827626564,3048.9228007181327,25866.603962286135,0.35723778332585276,0.005423271388876066,-3.5393089e-06,7.577538e-05,-1.1455559e-05,0.00010864976,[104.16666667],-214.79561,5293.798,15.020892,1433.7535,-24.409271,707.00977,-42.827087,858.43286,-0.8568012,1251.3218,-3.6442058,330.3717,-32.699814,199.79695,19.393896,306.0836,-9.315221,191.0225,6.3554215,83.198204,5.117759,178.8416,-1.6410843,84.930695,-1.8863139,134.13484,3.5925975,67.3098,-3.0929496,101.4023,4.2795434,75.094284,-5.781179,51.57939,5.447811,45.144737,-3.3929868,65.989456,7.377537,51.976933
audios01/train/DC/240926-133221_Audio/drums_louder.wav,DC,52.77875,0.53139454,0.063024566,0.021984749,7.464134e-05,1682.6446324388046,64924.960741485134,1050.1953963350586,15845.573227388313,2989.337121212121,129515.8751040232,0.3575035511363636,0.00561330301584291,-2.9481355e-06,0.00015992994,-1.2162677e-05,0.00017173078,[85.22727273],-175.39641,7102.8438,14.424599,1548.7491,-22.25204,878.7254,-16.71024,836.9159,-1.9663094,306.94965,-4.402608,297.68155,-21.427547,172.61511,13.190553,187.63689,-3.575183,175.49068,1.8527015,109.67015,-5.3850017,108.44056,5.3826976,88.12049,-10.286495,57.053135,-8.424367,54.77175,-4.8087983,67.46972,9.112465,57.77559,-4.3798494,43.325558,5.7370143,56.150463,0.2884416,29.674417,5.8773513,32.23973
audios01/train/DC/240912-143535_Audio/drums_louder.wav,DC,29.696,0.5742343,0.056313742,0.019251237,3.256234e-05,1627.1965137413567,99198.05178811384,992.3211531028259,5827.380255097832,2932.5772849462364,39230.82295008816,0.3206222698252688,0.011030316019295295,-9.09058e-06,0.00011870113,-7.0587885e-06,0.00011614231,[117.1875],-211.69086,9423.408,-9.475418,3204.4265,-60.17164,600.37994,-55.59968,631.6577,-21.134521,684.78467,-11.796161,226.35635,-34.87383,240.09076,1.1821089,180.93224,-15.361639,166.83987,3.6997454,117.78142,-2.1684513,122.54425,0.9152962,76.55552,-7.213186,88.431335,-0.45933253,71.73534,-0.52230144,84.00805,3.2211132,50.3847,-4.4617534,92.71509,6.8741794,50.09149,-2.576814,71.04777,8.4450655,40.424496
audios01/train/DC/240826-130811_Audio/drums_louder.wav,DC,16.917375,0.29022676,0.11551818,0.00056234805,6.1228025e-07,2291.395219534828,731221.25158281,1051.8910457738812,89926.49273215934,3403.360849056604,362012.23892858333,0.5427734375,0.07104381669242427,-1.1553138e-05,3.921286e-08,-1.2407713e-06,7.978779e-07,[187.5],-823.8341,8065.655,-27.35181,3643.013,22.434618,2655.3416,-2.9815361,2358.683,29.527798,774.0407,-5.8286467,900.0747,35.494663,1064.074,-9.024372,712.3054,3.2993536,409.6566,-1.073478,369.6532,4.9350176,280.0537,-1.0725737,223.80067,6.8293824,121.46897,8.6870575,162.19351,7.592245,122.94775,11.270917,109.65348,-5.883425,135.8005,15.062712,148.1829,-2.1321206,100.57909,14.788343,129.38326
audios01/train/DC/240926-125934_Audio/drums_louder.wav,DC,50.517375,0.5628247,0.05972877,0.025064401,0.00016156673,1767.8469697423147,200140.91238338986,1011.5961570050129,16184.132067373772,2967.1083860759495,253195.4700315329,0.39360104331487344,0.019368678068736486,-3.4507275e-06,0.00023407914,-1.1966187e-05,0.00023648585,[104.16666667],-168.47044,3835.4912,5.0221777,4219.0967,-11.422688,709.7476,-13.511077,510.81036,-11.5988655,296.82907,-5.8504686,260.79102,-25.93928,155.96225,11.015311,182.05336,-4.410359,148.70358,2.0697024,102.06878,-2.0890877,115.265236,1.396298,63.110546,-8.4897785,68.99522,-9.739763,44.378887,-5.7138176,47.34232,6.172173,43.745758,-7.048352,30.534286,6.6592917,60.521786,1.5255016,47.323467,1.1221876,49.307446
audios01/train/DC/240912-143316_Audio/drums_louder.wav,DC,42.53875,0.51623416,0.064430915,0.016643403,7.2406525e-05,1647.984046285395,242160.45130399964,1012.6302413018826,55574.05652611126,2855.8916823308273,532073.0155890048,0.3548314144736842,0.017607213153544743,-3.174165e-06,0.00012653737,-1.2862357e-05,0.00010365038,[104.16666667],-230.21269,8442.33,35.845245,6030.7793,-6.395574,639.88995,-34.48828,681.68335,-7.2599754,650.8151,2.8484375,315.81113,-23.198431,119.98388,7.0946274,295.90347,-8.263408,186.61569,7.0738,91.97908,2.3495364,116.198685,3.805482,100.53249,-4.103071,92.79845,-2.8659825,71.806885,4.693292,92.2085,4.08991,57.55699,-11.080415,70.365585,4.248929,70.67244,-0.6007639,51.388374,2.2124512,56.694923
audios01/train/DC/240912-143011_Audio/drums_louder.wav,DC,40.597375,0.5633779,0.058471307,0.015517956,4.6700203e-05,1845.4168261899456,100942.4565480883,1013.6041578590869,7667.510223781455,3051.8208661417325,113581.9568074683,0.4113050565944882,0.011133422619781033,-3.993844e-06,7.06218e-05,-8.964409e-06,0.00010565083,[133.92857143],-218.13893,7673.1094,-10.50898,1792.947,-25.399532,1217.7844,-17.197142,852.04626,-2.735174,189.98778,6.999419,194.83931,-18.261934,161.25758,8.935707,129.21802,-5.3102174,120.38568,5.559411,92.79555,1.4949263,90.83623,0.8729713,74.68993,-4.8798156,48.324924,-0.07869075,73.04802,-5.34423,50.72834,2.348545,38.15294,-4.5922837,43.653416,5.4045696,71.837906,-0.112452514,47.54844,2.137028,36.3584
audios01/train/DC/240926-125246_Audio/drums_louder.wav,DC,58.496,0.5731282,0.060031295,0.029351449,0.000113135466,1550.4982937430968,126093.52081852972,994.3273003812986,17902.180540147852,2817.49487704918,304418.91086642956,0.3162328167691257,0.008351194549217,-3.7791644e-06,0.00027447176,-1.1673071e-05,0.00030547424,[133.92857143],-156.68575,8050.089,18.43207,4413.368,-41.204353,1131.8447,-36.59138,671.33795,-12.136666,547.3767,-5.2951164,265.53687,-17.239841,208.10004,13.822849,314.4437,-2.7900388,186.54306,3.3654602,117.46663,-3.4188786,103.85835,2.2254536,77.336555,-8.77981,77.13035,-7.2513876,56.407375,-4.170681,49.10121,5.719583,40.726948,-7.114523,38.253956,5.9644995,56.933727,-0.66193515,34.71755,5.177582,35.032497
audios01/train/DC/240912-142221_Audio/drums_louder.wav,DC,36.90675,0.60781187,0.05333094,0.018647414,4.694466e-05,1666.859260188513,77557.97341150256,997.9142612344718,6260.773634355339,2941.846295493934,71307.61839453054,0.33092944378249567,0.008548680392306744,-8.043837e-06,0.000100672616,-6.8954855e-06,0.00013006676,[187.5],-209.4146,13176.663,-6.6786857,1744.138,-49.408,491.36383,-42.29567,590.0176,-23.844034,263.97104,-8.70367,226.92775,-33.01642,174.13211,4.141431,135.52313,-5.475417,116.601234,1.5372064,110.97089,-2.7524955,82.13044,-2.9523683,70.02435,-11.398872,59.18329,-0.98519987,53.14474,-5.3691635,43.375996,1.0040401,34.491196,-4.866855,58.78339,4.6877017,56.074783,-1.5053294,68.05126,4.688681,35.455315
audios01/train/DC/240826-130928_Audio/drums_louder.wav,DC,50.624125,0.33133477,0.10655852,0.0037303946,3.482954e-05,1773.7960856304212,716524.3269860926,713.7975046535825,99653.16464834094,2459.7784485479797,1329056.427145768,0.4065465445470328,0.048806111282027505,-1.40268e-05,1.4950425e-06,-5.049014e-07,4.324633e-05,[93.75],-643.6247,15497.976,-12.390652,10137.422,-72.305275,5700.11,-49.221447,3674.6528,43.773376,1943.0985,-0.6723657,1234.9902,-2.4292624,610.1826,3.7378516,364.15634,0.053569987,502.74127,-8.455694,344.51752,0.50325596,365.7899,6.926633,251.29807,8.577653,264.7268,1.4868754,171.34677,-1.6548667,135.44661,-1.2548298,104.08473,-7.1200223,128.93364,3.2356117,100.96289,-0.41328493,113.27034,6.5713964,115.769554
audios01/train/DC/240926-130341_Audio/drums_louder.wav,DC,44.71475,0.57193446,0.05701439,0.02142374,0.000102178456,1921.8351759983448,191675.39913366572,1037.481257665432,28372.20417136552,3143.9891809728183,189104.76050079553,0.4226440953594421,0.019414463372996935,-8.201089e-06,0.0001638676,-7.1104687e-06,0.00016482013,[104.16666667],-219.00284,8812.338,-10.6602,4403.1235,6.8246098,2711.8655,-40.932816,1666.3789,-39.54775,1558.3981,0.0057268264,623.3775,-26.470089,390.766,-1.2990218,355.87277,-8.277789,233.65009,0.17649901,243.7977,-3.313209,205.29225,-4.415292,198.40625,-16.577892,165.59135,-9.616549,76.310844,-14.71932,112.753456,-2.285939,87.40868,-8.461127,96.62965,4.056929,94.61226,0.824982,81.21258,5.116281,61.41351
audios01/train/DC/240912-143210_Audio/drums_louder.wav,DC,36.224125,0.5412431,0.056668997,0.014058814,2.7732178e-05,1773.173774014324,50160.69510634022,1059.89210320484,4749.950171444296,3089.63707010582,23817.98510942443,0.37222704475308643,0.0062969052939805675,-5.064415e-06,5.6389697e-05,-9.82488e-06,8.397564e-05,[117.1875],-232.58917,7184.373,-4.6957145,1905.4828,-32.014805,832.3169,-34.969814,576.73254,-10.852244,593.5723,-10.461457,320.72894,-34.292652,145.42232,8.89832,139.41768,-12.39856,116.411255,7.485528,100.13367,9.018118,108.54223,4.726943,125.07454,0.86348385,52.276455,4.9907203,73.89451,-4.965691,81.38148,6.3251944,64.46627,-3.2295115,42.070534,6.8317475,65.74236,5.440654,54.881023,5.6646795,45.558056
audios01/train/DC/240912-142117_Audio/drums_louder.wav,DC,50.901375,0.56528896,0.06270826,0.019435683,6.077466e-05,1820.8747888175562,93293.8535582496,948.450066741004,11027.553853738635,2993.635168027638,133218.6918807016,0.39104519177920855,0.007883487490959738,-7.421174e-06,0.000118381395,-7.910681e-06,0.00013011108,[156.25],-227.24553,11103.881,-44.189705,4627.831,-72.57841,1293.967,-46.80325,892.8139,-5.887911,566.07947,11.052354,661.29297,-10.69423,241.81921,15.173486,268.69226,-0.14098999,236.86046,14.649235,212.10004,4.5579777,218.30591,6.767433,70.562065,-8.427681,108.861626,-0.31466556,108.24449,-6.2817836,64.039024,-5.2147713,71.671326,-10.463483,51.0774,1.3601067,46.048126,-4.280796,115.41731,0.80061555,58.70605
audios01/train/DC/240826-130833_Audio/drums_louder.wav,DC,6.4,0.37086403,0.09475148,0.009819915,7.771924e-05,1020.7292378339257,287757.58964145125,940.5476720639683,89829.18272182634,2011.2546410891089,1048127.8182314768,0.1631632889851485,0.015853299871167417,-3.2532864e-06,3.184686e-05,-9.190141e-06,0.00010770443,[104.16666667],-433.11063,15088.24,80.043434,4360.5664,25.736738,1848.8502,52.324223,1364.0178,10.802134,878.1921,-25.777863,365.73135,18.620901,494.68906,-25.987778,447.12485,-17.709702,287.07217,-14.416418,198.4457,-3.4563477,310.75427,-14.720477,207.51042,-4.27839,181.97511,-7.8355284,102.506645,3.0460985,201.99467,10.306157,118.62552,-13.797292,78.52466,8.214069,52.78363,-5.970249,54.76137,12.48733,55.665817
audios01/train/DC/240926-130229_Audio/drums_louder.wav,DC,42.432125,0.5603515,0.057827283,0.023580939,0.00012780898,1787.9127781393374,138751.90266038085,1028.1251244154093,11842.012530917162,3015.483810240964,123861.49975259896,0.39073236304593373,0.014978500697120974,-4.339996e-06,0.00018527338,-7.890749e-06,0.000221286,[117.1875],-179.46295,5426.7183,-7.7795835,3054.3333,-26.715244,802.6889,-25.817276,712.76514,-23.348583,427.49817,-12.316436,319.98636,-23.142893,289.28522,12.966094,210.81438,-11.78145,221.12943,6.309232,217.80789,-2.0991774,160.14806,0.6245906,98.37122,-6.702367,94.450966,-5.5896482,77.05658,-4.783787,66.5729,7.015347,46.50804,-8.275556,64.36002,9.382975,87.74168,5.615473,40.35328,2.010342,62.04959
audios01/train/DC/240912-142003_Audio/drums_louder.wav,DC,46.18675,0.62053216,0.048687935,0.02260848,6.853888e-05,1547.7945913862561,89918.65561541416,1016.0126916084695,5016.180489147802,2863.183864265928,81724.50081456018,0.3087364471520083,0.008376361701813793,-4.2386782e-06,0.00016083544,-1.1626222e-05,0.00017413836,[117.1875],-168.68597,7144.309,23.828785,1645.2555,-30.65898,600.7527,-33.15142,373.49005,-15.621223,204.60786,-1.1597341,153.72812,-24.77329,164.03067,7.4525476,83.68349,-5.7380934,85.82849,2.9567783,74.41572,-0.29298958,59.407776,-0.042816248,67.0251,-8.078824,96.45732,1.1943799,92.942154,-6.2816677,63.232513,2.11082,58.30285,-6.5560846,63.470818,1.0180963,36.26517,-3.1504555,49.06443,1.3005588,60.18965
audios01/train/DC/240912-142412_Audio/drums_louder.wav,DC,36.928125,0.61779374,0.050575152,0.019664502,4.7945046e-05,1602.421122161961,50886.79753701386,1022.4766471680551,9658.87937866483,2914.582882785467,102434.48811077746,0.3162406736591695,0.004458442087541476,-3.62186e-06,0.000113266186,-1.1312818e-05,0.00014579772,[133.92857143],-190.24338,12932.633,13.985522,1027.7917,-37.56608,568.1288,-36.322582,339.5426,-13.790532,261.81143,6.2222548,200.24925,-19.289988,164.8787,12.054909,135.25311,2.5032198,128.22632,7.4103327,59.907555,1.7322369,84.9914,3.0133953,50.73819,-8.328751,46.97754,1.7587888,31.416529,-4.3916106,31.947515,0.9091767,52.036057,-5.063991,34.168808,5.5781407,50.036324,-2.5381272,62.08422,6.151369,36.6619
audios01/train/AC/240812-132210_Audio/drums_louder.wav,AC,58.304125,0.54203564,0.057882097,0.035989184,0.00021638867,1224.1748246091468,69080.8713312095,1005.9280926168326,20794.41824280717,2525.167900219298,282955.3543072035,0.20088597347861842,0.003966014983608892,-3.810318e-06,0.00041201265,-1.6202637e-05,0.0005885207,[104.16666667],-142.69507,5637.623,68.74131,1719.6866,-3.383039,870.6173,-21.370993,546.54767,-10.019444,446.7441,-2.996611,253.9958,-22.177637,225.82417,8.143511,128.27313,-12.960793,116.3229,0.31820598,86.188805,-5.6326613,76.520065,0.05678418,53.361977,-6.6277146,68.13489,-6.9225454,51.73883,-10.424096,50.004066,-1.9779819,36.62863,-4.9035897,51.11322,1.2117095,36.583084,-8.691831,27.569134,4.3841004,33.25711
audios01/train/AC/240812-152245_Audio/drums_louder.wav,AC,62.677375,0.56849545,0.055858523,0.031942476,0.00015667627,1069.6776941026949,93944.58147313725,902.6963122258996,47103.52826503268,2208.6694834183672,481529.83734181704,0.16689851721938775,0.003457037267561805,-7.000968e-07,0.00039957892,-1.3197787e-05,0.0003952099,[104.16666667],-165.05603,4869.649,95.40456,3341.1736,-10.796671,735.32104,-23.01023,457.76035,-3.892165,414.6486,2.9998024,331.98022,-19.89842,130.19388,-0.81449294,93.026634,-13.691161,98.53444,-1.3597307,53.613953,-6.379315,47.84969,0.45530945,39.216022,0.9671745,61.546257,-7.856746,39.09166,-5.2285585,37.01022,3.1747437,37.690933,-6.505264,25.889988,3.8404222,32.26581,-9.211408,43.217083,3.3670678,39.673534
audios01/train/AC/240812-144527_Audio/drums_louder.wav,AC,52.01075,0.5519269,0.06759807,0.031330198,0.00022524038,1244.0269178445142,189992.5927416908,931.4606702665315,48163.317740744365,2399.6723170356704,525188.0333053307,0.22771443534747848,0.013654242912116305,-3.1474435e-06,0.00026723827,-6.0707644e-06,0.0005676448,[104.16666667],-183.16988,10416.62,68.686035,4544.1,-14.891291,1721.8118,-15.291216,875.00415,3.912024,1190.4402,-8.705174,582.35504,-26.965141,632.3193,4.0780087,294.60428,-13.681614,202.04213,-0.5407925,133.1702,-6.3250027,165.76605,-1.3470877,108.2882,3.576542,95.90506,-5.1544256,102.58579,-10.466854,85.96561,4.923559,69.93697,-7.62124,61.27583,7.5712266,63.955048,-1.7071655,71.41357,6.5419283,69.0358
audios01/train/AC/240905-154312_Audio/drums_louder.wav,AC,70.72,0.49880785,0.07936545,0.025420332,0.0003021769,1861.9315410294066,349303.7564009168,894.7638020618615,36073.487744517864,2930.005368444846,425776.5409709114,0.41007943179249545,0.026933586969444184,-9.565219e-06,9.9293655e-05,-5.798506e-06,0.0005744308,[133.92857143],-272.6354,21541.004,-53.510475,11993.577,-46.377747,2009.0093,-28.388231,2096.036,-16.11877,922.5463,-7.716375,477.9409,-12.12971,493.977,12.828166,241.97629,-9.972723,284.47046,6.077213,189.72386,7.6953125,252.7899,4.347499,190.12537,-0.38146487,128.38857,-1.6771263,110.21049,-5.2882166,160.37212,2.1373286,98.55424,-9.824754,93.055435,-0.80192435,75.79109,0.8224305,59.342705,4.006707,68.42447
audios01/train/AC/240923-144857_Audio/drums_louder.wav,AC,71.04,0.44615322,0.084985696,0.019626036,0.00021324377,1553.5400562550078,155153.44917010723,956.604697173582,40260.32041820865,2737.806593159316,399500.51426458603,0.30798372806030605,0.009888830094160141,-5.243214e-06,0.00010879617,-1.2771247e-05,0.00027983854,[93.75],-288.70544,45556.918,5.43008,2506.8623,-44.075302,2086.6318,-28.22368,978.2932,-1.8397739,869.7628,0.9752371,497.73767,-17.789782,408.96774,2.8157756,216.41019,-6.969542,237.7644,10.418145,314.22098,4.8479753,246.34676,0.27537435,195.48807,0.67831254,158.25703,9.88684,107.87972,5.7261977,98.42138,3.4078658,64.57308,-6.0132804,69.07177,4.683299,63.045006,0.98435414,66.58642,10.996406,95.979294
audios01/train/AC/240812-143937_Audio/drums_louder.wav,AC,49.472125,0.5616904,0.06001802,0.03510426,0.00016039991,1200.4373923933717,67806.03833446742,1021.3851375517087,24999.841986388947,2565.5533349483203,204089.69651418293,0.18548568213016794,0.0056851806085144365,-1.2870249e-06,0.0005367656,-1.4326145e-05,0.00040791865,[104.16666667],-143.13681,12642.435,72.24478,793.512,-1.1559018,260.0441,-11.840052,333.97952,-1.2644827,80.232124,7.0422463,141.94954,-15.118747,128.36842,6.6811075,64.91569,-11.562886,64.71413,0.7012151,73.11391,-3.7265217,29.184542,3.9928691,65.83636,-1.0527247,39.712902,-6.9684515,46.015503,-7.605967,39.812088,5.4659915,36.38495,-7.5844803,31.716505,2.3226686,26.423752,-9.114096,34.847153,2.4535158,25.821283
audios01/train/AC/240812-111928_Audio/drums_louder.wav,AC,74.837375,0.49570283,0.075867936,0.030664565,0.0003852424,1364.8072305655894,272187.8130018865,918.2729310270244,47042.801290805015,2483.924278846154,588645.2363244332,0.25091229300213674,0.018036392760055597,-4.004991e-06,0.0002650894,-1.1326076e-05,0.00070272596,[133.92857143],-203.24406,15384.114,46.509216,5358.121,-25.545782,1334.1584,-31.16902,911.5327,-3.446486,539.7331,9.408301,549.57654,-20.243109,366.9038,-0.25599074,239.02724,-9.333045,171.79716,0.4569915,150.26321,-3.5827749,111.70199,5.193042,114.282,2.3295615,117.1828,-3.966348,85.24646,-15.016713,124.679276,-4.816176,74.65242,-8.384213,76.83929,0.64479417,113.87866,-6.387655,54.921562,6.287793,71.8528
audios01/train/AC/240923-142030_Audio/drums_louder.wav,AC,48.448125,0.49921346,0.07232086,0.024580367,0.00012124503,1608.362055205734,63937.197987633204,995.2854182548679,3823.8835779937963,2898.5869475593668,63536.42789294801,0.32294522489281,0.005825027824796787,-4.021236e-06,0.00014494959,-1.3073022e-05,0.0003126903,[133.92857143],-194.58722,11012.305,-8.800588,2673.6953,-62.472687,1258.6588,-52.106377,550.2198,-20.67951,337.61615,2.0485585,269.00894,-21.330454,219.60979,10.505194,127.79881,-1.2952744,141.88194,20.03688,189.28291,8.138943,140.01224,3.8591263,106.843025,0.95780194,71.18319,12.883635,55.130417,6.6764536,59.897484,3.3862479,55.717976,-8.649636,68.46055,4.4553785,39.208836,-2.888326,48.653934,11.14213,59.144207
audios01/train/AC/240812-125256_Audio/drums_louder.wav,AC,104.29875,0.47283518,0.072613195,0.031012047,0.00016491786,920.0693551867595,166894.1250823363,774.8771722279597,59387.71277373462,1747.4429639570553,745403.8518471821,0.15863119488113497,0.00867343829659749,-1.0936739e-06,0.00040028867,-1.2353984e-05,0.000386402,[85.22727273],-229.05246,9805.674,139.03418,5414.379,-17.697195,1659.3555,-32.67122,913.7599,22.441725,1449.9113,-12.884291,756.5137,-11.32717,554.2547,9.354411,408.5602,-17.568193,317.3965,2.6190639,189.84789,-3.0267687,149.077,-0.2865573,179.70883,1.0840695,120.24517,-7.117314,90.61733,-8.068414,103.03591,0.65184385,97.88155,-8.437694,105.652145,1.5415382,76.403366,-6.2091413,79.69815,2.5016737,58.711185
audios01/train/AC/240812-111903_Audio/drums_louder.wav,AC,16.981375,0.38046578,0.10262637,0.008867361,0.000106503656,1251.8443120485315,847900.6937130571,782.2927068744086,191445.49865427468,2062.5734257518798,1818137.428800829,0.24576333411654136,0.058841662474582716,-8.2399365e-06,0.00010948367,-5.4935017e-06,3.3821612e-05,[117.1875],-584.77386,18888.928,111.31283,16483.89,19.220263,1831.9924,-39.433895,1335.4536,10.5951395,647.9478,10.833407,1087.2953,4.5674562,691.3773,-17.002583,364.81143,-8.400185,506.72363,-6.675551,311.7278,-0.14313596,322.0993,-4.743982,181.88762,-7.0779533,259.78183,-9.585237,146.74539,-4.3207498,95.7521,1.5861208,98.08203,-7.080237,112.05975,-5.1349154,111.92039,-1.1420834,84.10112,7.793199,172.42747
audios01/train/AC/240923-144349_Audio/drums_louder.wav,AC,62.016,0.48833185,0.07143468,0.02334977,0.00011093431,1531.905339929559,88971.83961411478,983.571957460246,11831.320534424567,2820.348743556701,119285.14172260788,0.3081608408505155,0.006076017243536034,-3.3931046e-06,0.00011931645,-1.3393503e-05,0.00028952296,[117.1875],-194.98169,12756.598,13.6913805,2745.8972,-47.021374,938.3335,-43.833893,541.10645,-15.239906,423.46176,-1.7184439,316.70493,-28.200186,204.9106,0.44294417,127.26755,-10.081022,125.62374,10.831236,111.1014,0.57435805,88.80912,-1.0251918,85.822624,-0.41093224,59.896362,12.9374275,65.59477,6.1610775,62.893497,6.5944657,65.28463,-3.4645956,50.32518,7.3048263,79.047035,3.1169193,42.581245,14.019915,58.071083
audios01/train/AC/240812-144347_Audio/drums_louder.wav,AC,49.19475,0.5912283,0.056306936,0.032424796,0.00019251627,1219.2044237553437,76026.19226262943,990.7771694282075,27833.03094357665,2496.3832899869963,309224.673645109,0.20663884712288685,0.005072865079935859,-4.218474e-06,0.00033196757,-1.2084923e-05,0.00050078094,[117.1875],-159.4562,10763.177,69.17652,2242.2974,-8.952799,662.54706,-20.64375,641.5427,-6.3729796,400.89383,0.78038394,234.64134,-20.422907,205.15918,-1.0596354,203.21086,-14.740176,132.53279,-1.507655,111.2783,-6.1128683,72.02359,1.0392165,105.67706,0.35227647,65.01519,-6.885222,53.089127,-5.963145,42.312515,3.9481046,63.31115,-5.91598,48.04096,5.055679,47.983208,-5.9207706,63.43679,7.4404006,45.91614
audios01/train/AC/240812-145143_Audio/drums_louder.wav,AC,50.645375,0.6033299,0.05093727,0.030819975,0.00015967211,1236.805138643667,108566.23668493319,956.59990803506,39076.89235447409,2488.5031960227275,456249.90064797876,0.21774076211332072,0.005533548754057147,-4.268687e-06,0.00025372586,-7.3076794e-06,0.00046185727,[104.16666667],-158.14122,8023.81,71.66949,3469.314,-19.289852,739.07355,-25.45601,425.12714,-6.85843,305.67825,2.1889374,289.33087,-15.55885,244.5324,1.5474083,187.50072,-15.607603,107.26841,2.0962012,88.097855,-2.009022,81.49881,-1.2890313,66.21079,-3.4318156,58.98382,-0.25740704,39.761837,-8.4467325,55.778744,0.15522583,30.262508,-2.373113,53.24549,1.6340477,36.315006,-3.297172,41.667408,7.3277206,31.279047
audios01/train/AC/240923-141847_Audio/drums_louder.wav,AC,69.54675,0.46867296,0.0815691,0.019305138,0.00018247389,1710.9673971079642,248771.23582883313,981.9571979875484,24043.60202221848,2915.1154266329345,244238.01765447672,0.35992437255634774,0.02040868629842489,-5.9826993e-06,7.8491554e-05,-8.694905e-06,0.00030334597,[93.75],-267.34842,30738.709,-3.757309,3591.1296,-35.019844,2216.9485,-37.74844,1118.4891,-14.789623,563.5594,-1.2723253,404.56577,-18.610188,452.71478,4.005844,243.15404,-12.052602,156.5599,6.7733393,210.84541,4.4208617,168.29927,0.94367796,153.85687,-1.2304138,110.62324,8.131442,92.482735,7.627115,86.05837,2.5808268,59.32393,-9.345705,76.113335,6.878393,55.53716,-0.5607396,62.01431,11.381761,85.768196
audios01/train/AC/240812-145314_Audio/drums_louder.wav,AC,57.25875,0.57898206,0.055688225,0.032082442,0.00018808965,1171.1469307969085,83880.65775853975,935.0259888558128,45329.074131475434,2395.652932960894,379254.0344960242,0.19299711941340783,0.002835007187713045,-1.8568566e-06,0.00033499408,-1.3655409e-05,0.0004975708,[117.1875],-156.47392,6957.8525,78.375435,3272.2302,-20.208681,815.3869,-20.462147,360.84622,1.4468216,423.56598,-1.0207744,252.21837,-26.887487,106.807594,0.8024482,204.98143,-12.135494,107.55297,-0.31858563,70.3916,-3.9262877,55.70757,0.07505208,55.536243,4.3592877,66.73785,-1.9731164,58.934303,-6.5365667,51.85125,4.8934226,45.52767,-1.363496,36.182335,2.9026978,47.58661,-3.6339517,39.166245,4.929832,46.02911
audios01/train/AC/240812-152952_Audio/drums_louder.wav,AC,59.52,0.5518787,0.06767005,0.02659261,0.00029871703,1351.47040246072,152483.27996967602,978.6221770714833,32616.046487791762,2599.1793098818475,309297.41561498423,0.24914616339957035,0.01079482734800581,-3.7748057e-06,0.00018222154,-1.1622526e-05,0.0005066805,[93.75],-199.80823,21422.758,48.99998,2236.2266,-19.533401,766.3664,-24.581106,429.0701,-12.50338,414.5137,2.7822397,232.67413,-16.445435,163.85486,3.2249162,120.64767,-13.617694,121.715225,-0.08402305,90.44494,-0.7461279,107.07445,1.6739707,58.011837,-5.459389,62.837524,-2.9195585,56.10957,-6.2193947,76.3004,0.027646894,51.69295,-4.0389614,46.62569,4.970985,40.403454,-3.3104367,52.18671,8.741156,50.667923
audios01/train/AC/240812-145640_Audio/drums_louder.wav,AC,57.024125,0.5711294,0.059771392,0.027007233,0.00015725206,1323.0686512546365,228716.75141216998,950.5465421526648,32770.79209285648,2493.085236827354,550781.2822756113,0.24469733131306054,0.01698688474021788,-2.9530122e-06,0.00023966818,-1.0244084e-05,0.00036557822,[117.1875],-189.89381,7701.321,49.075523,6853.9956,-21.890804,1211.1451,-20.809738,969.23,-6.3115783,626.69116,-2.9619763,455.00104,-21.71704,344.84375,-0.9663081,305.7001,-9.762384,238.57613,1.1488191,116.28597,-1.4282868,102.93047,-0.021953361,78.49536,-1.8641499,95.47534,-4.0063953,79.33334,-11.895631,69.21934,-3.3973165,97.35908,-6.4516673,64.79871,1.1918439,61.009346,-5.132976,81.03157,7.676303,59.42264
audios01/train/AC/240923-144534_Audio/drums_louder.wav,AC,60.352125,0.5047931,0.070181474,0.021765156,0.00013368618,1559.1680795022423,177335.44634617664,943.803784079048,26029.169450177098,2762.5297934322034,292569.55332812207,0.3248280670683263,0.013891403451754561,-5.070586e-06,9.803092e-05,-1.2381944e-05,0.00029742467,[117.1875],-229.8968,16255.395,3.7981598,8184.536,-51.343185,1446.7161,-40.367973,904.0208,-10.958306,514.77185,-0.22783363,588.69385,-24.156399,339.26614,2.5046504,186.3024,-10.998446,165.85507,8.881136,144.7358,-0.17850727,139.38483,-2.2513635,158.21239,-0.17946821,112.75225,11.923133,128.33607,5.619973,81.00803,5.155016,78.25791,-7.4880075,76.412285,3.6012738,88.9128,1.1795659,71.8219,13.224809,79.53608
audios01/train/AC/240812-133140_Audio/drums_louder.wav,AC,86.72,0.5329076,0.06511402,0.037966106,0.00030711963,980.3854440104741,99873.7599174485,847.4212158381389,60687.70319118243,1999.1991611356932,568467.2105941063,0.15567241657448377,0.0029882341435292907,-1.0491618e-06,0.0004987698,-1.2752534e-05,0.0007005551,[85.22727273],-170.62184,11646.471,106.205765,3347.2542,-8.7099695,989.0735,-13.431965,457.7193,2.6616623,542.7931,3.1970477,249.14807,-19.297497,158.92314,-0.08270903,161.07445,-16.623468,140.21063,-0.82976055,79.65758,-4.345806,90.86767,0.19371721,62.367146,-2.6449764,71.445274,-5.9829974,66.62409,-9.354114,60.72479,0.98769206,46.435333,-7.399277,40.54821,1.4072988,40.361,-7.129138,43.227554,2.500849,44.02604
audios01/train/AC/240905-154827_Audio/drums_louder.wav,AC,91.84,0.5353854,0.06942419,0.0339858,0.0004597327,1536.5295543115512,293535.91847113316,919.1884347029415,54721.562751878206,2621.713962395543,679102.669712618,0.3221588559801532,0.019816336415908607,-6.879686e-06,0.00025187724,-7.658978e-06,0.0008101944,[104.16666667],-214.40002,23296.861,10.771066,10160.307,-39.336643,2360.3953,-39.19083,1353.5673,-11.323932,747.3291,8.339356,622.9835,-10.618623,492.31894,9.652756,373.97638,-10.713437,254.73952,0.12572171,214.97275,1.626793,170.98187,0.26016742,134.29956,-1.9755863,102.31972,0.22103898,123.41945,-3.3048146,120.03175,3.5985355,71.83671,-7.7094426,74.69508,2.0027997,96.90257,-2.5151498,68.5518,4.406175,54.178402
audios01/train/AC/240812-143752_Audio/drums_louder.wav,AC,54.613375,0.5482969,0.063123286,0.024100326,0.00015444233,1518.6890092297679,197731.16662662535,925.2224538620248,33232.83205117386,2708.659616510539,390517.7881958168,0.2839446950014637,0.011264030827357616,-5.7135912e-06,0.00017642391,-3.946198e-06,0.00032299862,[85.22727273],-223.65695,11881.052,-10.53949,8727.175,-54.389435,3210.3735,-29.358969,1001.5904,0.6331504,666.344,10.008041,542.6487,-21.223396,428.57574,8.867933,444.6597,-7.0323987,346.68103,5.2000113,260.94235,0.65209085,158.055,11.8211155,136.94211,8.763421,118.62225,-0.41827878,121.9358,-9.320072,97.65817,4.1826925,115.70512,-2.9271674,62.403557,3.941366,145.14648,1.5206542,76.577965,5.94474,56.882545
audios01/train/AC/240812-145825_Audio/drums_louder.wav,AC,61.44,0.5486806,0.060670175,0.031219358,0.00027327056,1159.271815952528,120448.33391572264,916.2080407008986,39720.309451416295,2312.8333116545264,500035.0111108396,0.19717975660119666,0.00601624779594968,-5.4655693e-06,0.00036273885,-9.307152e-06,0.00048695394,[133.92857143],-193.68265,16986.807,64.46271,5158.868,-26.082323,2014.7542,-27.003078,1235.0481,1.9660885,429.34644,2.237982,736.5323,-14.889241,300.85248,3.7369323,468.6266,-13.214487,214.60747,1.2946782,172.29535,-5.872913,98.31552,-0.5276626,96.39978,0.87827545,106.97694,-3.4942455,79.465645,-4.36071,82.10027,2.742196,59.90272,-5.7745113,56.713505,1.5067688,62.227047,-5.6051755,62.778797,4.48459,47.173077
audios01/train/AC/240923-144025_Audio/drums_louder.wav,AC,54.656,0.5186002,0.070172824,0.024169173,0.00013676156,1538.555719888234,58359.98482577669,1002.5335056445193,3365.708251147737,2843.1332236842104,50752.3686675227,0.3141133269371345,0.005217665659941432,-1.5157755e-06,0.0001460386,-1.3746575e-05,0.00033056576,[93.75],-176.22357,8175.3438,19.805866,1439.4625,-35.91428,613.40485,-30.284727,313.91953,-12.140678,256.44012,3.9380426,235.17189,-22.155416,109.52208,7.497418,116.439316,-6.7388735,102.9763,14.141076,106.34709,1.5996989,97.22551,-3.6577828,73.61693,-3.6477757,43.481255,10.940216,54.594254,4.636721,76.265205,3.5176136,52.933193,-4.0151734,53.55922,4.634193,50.22324,-1.4734174,35.617508,11.14256,68.25426
audios01/train/AC/240812-145505_Audio/drums_louder.wav,AC,53.397375,0.5542015,0.06750846,0.028874768,0.00021114753,1260.8672412630985,228425.33935340244,923.8943651227091,52619.623701713914,2400.397642215569,521089.3048005318,0.22607948166167666,0.016807445052996084,-4.079009e-06,0.00030390036,-1.0821644e-05,0.00037278418,[133.92857143],-202.28596,25458.193,61.738945,3351.2754,-19.6471,1903.2437,-22.32837,892.9979,-1.4105135,406.34753,-1.669315,430.0023,-20.95395,214.2528,1.3134109,232.9004,-10.457368,111.99431,-2.428852,114.5451,-5.7666693,91.406876,1.3135238,98.04342,-0.7876347,101.65883,-2.2941194,63.08124,-5.4823384,93.80092,1.5335635,56.332195,-5.7534385,61.850365,3.1850746,59.364315,-3.995049,75.4041,4.619683,58.23939
audios01/train/AC/240923-143844_Audio/drums_louder.wav,AC,58.197375,0.5000609,0.07204597,0.020748058,0.00012625293,1656.3223151013078,97605.32308581023,1006.9834057998033,11872.794088978699,2919.943337912088,122393.89059091879,0.34861939817994503,0.007407591975177202,-5.037092e-06,9.226195e-05,-1.0926387e-05,0.0002783188,[93.75],-212.93001,15117.3125,0.584602,2753.3835,-37.269814,1058.2025,-29.344856,504.965,-14.323139,436.5922,-1.7894427,302.03223,-24.412758,286.06494,-0.5862191,180.1464,-11.508994,165.50015,7.8030868,141.4719,0.38657174,139.60522,-5.1235943,98.12265,-3.9391472,106.59368,8.59335,73.94945,6.208161,83.63464,2.7214758,64.65699,-8.709908,58.790558,6.621607,59.526222,-0.1297075,61.27951,12.953161,66.00821
audios01/train/AC/240812-142903_Audio/drums_louder.wav,AC,55.424125,0.5851482,0.051627483,0.030648284,0.00011424601,1200.1354324137244,60301.81694254477,997.4024498347958,22951.663857414434,2495.5575980392155,264115.1835945009,0.18939004829873127,0.0029959787359200743,-1.3097144e-06,0.0003372461,-1.5566735e-05,0.00036235643,[104.16666667],-148.30742,3953.0674,74.38086,1310.8008,-6.7019277,439.0767,-19.399067,293.68082,-4.512723,221.12334,6.5456686,170.64978,-21.537138,167.599,1.7677373,91.828255,-14.176372,87.348175,-1.205785,75.22934,-1.1137838,103.52644,-1.5078181,62.15958,-3.1003823,70.75384,-3.3835716,49.601383,-8.475304,58.73465,1.7964582,33.477913,-5.7034054,48.830593,2.4514518,37.885647,-8.309952,33.25274,4.6047807,39.60221
audios01/train/AC/240812-133401_Audio/drums_louder.wav,AC,74.432125,0.5349244,0.061751697,0.036446583,0.00029585083,1059.8412560953795,88113.43371123335,874.0809066125518,41759.43529165224,2109.6132678264603,477670.81597244926,0.17869164116194158,0.004186960467384972,-1.250533e-06,0.00046553568,-1.5481022e-05,0.0006373245,[133.92857143],-168.74283,12249.873,92.730965,2802.1504,-18.397984,942.7776,-19.158176,453.71155,4.495869,480.64417,1.1882813,312.49506,-21.990688,239.58113,4.369574,220.56209,-19.363335,156.52083,0.36249438,168.1803,-4.9059796,104.79846,4.3547125,108.97581,1.9936517,116.843994,-9.254881,108.48208,-10.055457,63.17183,-0.5205548,94.91061,-8.709028,53.838806,-0.36628953,40.87753,-7.448031,46.75314,3.1352644,51.68878
audios01/train/AC/240812-125556_Audio/drums_louder.wav,AC,84.437375,0.51964,0.062173497,0.036935903,0.00021213539,1013.1538035216914,113137.15004175623,881.251637063162,57327.868613663464,2071.963778409091,603343.1326916066,0.16595015092329546,0.004048548190143811,-1.1638103e-06,0.000543479,-1.2374284e-05,0.00051932386,[104.16666667],-175.10521,12414.186,111.166,4763.1675,-7.9448524,682.16095,-20.505066,591.4476,8.699,494.46188,-0.8026328,309.91614,-14.365463,301.12384,7.982237,217.00146,-10.015811,147.74908,-0.31480226,98.721085,-1.3469595,117.39323,-3.4386873,83.1531,1.7053155,94.61534,-5.441417,88.06126,-10.247435,62.1491,2.7806444,59.11057,-5.8964143,66.60216,-1.597937,52.077843,-8.588562,54.450645,2.7731667,52.45056
audios01/train/AC/240812-130619_Audio/drums_louder.wav,AC,76.45875,0.5242151,0.06583155,0.035683278,0.00023182364,1139.5130318611077,143912.9035110487,971.9684720817423,50430.85601018747,2313.4544979079496,496961.75993433216,0.17347917756276152,0.0054338167289757515,7.1744193e-09,0.0004818911,-1.32759615e-05,0.00053509645,[104.16666667],-183.90738,9790.016,80.41561,3472.378,28.287264,5225.654,4.230845,1232.7095,-4.888062,689.1683,2.5250435,345.46567,-22.92525,281.0241,8.683871,240.99905,-13.08267,125.73897,1.1458013,138.11188,-2.4557197,96.8955,0.25720063,88.067154,-4.071771,111.94039,-9.979507,88.12666,-7.672805,65.7888,-0.67844796,61.56943,-8.035248,61.052013,0.5369582,54.24808,-6.216116,36.03479,2.3634233,47.845016
audios01/train/AC/240812-130116_Audio/drums_louder.wav,AC,66.432125,0.52194655,0.06407208,0.033841453,0.00018261108,1146.1391135280282,94616.43309460413,943.9874135615122,37683.65717737474,2330.151437680462,411237.4855022867,0.18763111690928777,0.004117520546396145,-1.2002373e-06,0.00039832824,-1.0193607e-05,0.00052050373,[133.92857143],-156.73346,6649.61,82.89762,3325.7627,-12.007064,560.5416,-16.22649,491.4363,3.416183,621.92584,4.8987975,260.35104,-16.383198,126.040726,7.7251816,125.76202,-10.176458,98.988495,1.45923,106.33133,-0.058671996,88.608986,2.3724108,56.71057,-3.2678995,53.17165,-2.58498,42.868973,-9.244549,36.768314,-1.1507312,48.69644,-5.5334296,43.42265,0.74094623,30.229595,-9.503203,36.62405,3.755914,35.47727
audios01/train/AC/240812-132356_Audio/drums_louder.wav,AC,83.989375,0.5515014,0.056607883,0.03824195,0.0002556135,1213.5185195469473,69722.37928773716,988.2560857254088,16495.825678860598,2479.6476342345773,285123.779845918,0.19959323531511805,0.004665185670760628,-2.0583543e-06,0.00052720646,-1.2922677e-05,0.0006015829,[117.1875],-137.38951,8494.487,63.820686,1867.2966,-14.364391,844.7338,-23.643635,599.9285,-4.2187557,295.91312,3.538272,158.91597,-26.238298,203.92177,3.195868,121.21429,-14.4816675,91.88587,-0.30960983,55.40809,-5.9437876,53.80192,0.6266022,39.761265,0.40288603,47.96066,-7.7717967,34.781136,-12.781387,53.957375,2.3358233,39.12105,-7.2828684,32.912533,0.41852993,29.49595,-4.166151,62.842014,3.6489239,39.833782
audios01/train/AC/240812-133601_Audio/drums_louder.wav,AC,74.069375,0.5391898,0.06562426,0.035549875,0.00020382479,1021.7472988145339,86294.93302519506,905.5125121397717,34687.47148806135,2099.5081768134714,528262.7919093041,0.15885922657599308,0.0029402201675958997,-1.0680599e-06,0.0004474458,-1.3877279e-05,0.0005384348,[133.92857143],-174.61128,10383.871,97.54087,2847.2358,-3.0648048,1326.5546,-24.009554,864.2387,0.7187593,758.68774,2.1221204,431.69275,-23.24327,236.1474,3.087743,287.67432,-20.63,180.44583,1.0638988,126.05269,-4.7194815,106.53492,-2.0324688,81.932465,-2.5774236,101.230545,-4.0454826,74.22964,-10.43344,100.24588,1.9057107,60.486603,-3.8147142,75.89732,-0.4151303,60.43756,-6.4121222,65.819466,1.678041,39.53867
audios01/train/AC/240812-143413_Audio/drums_louder.wav,AC,63.189375,0.527454,0.06746526,0.031193819,6.9470894e-05,986.2689022676411,98134.45841893333,870.6131354811602,60202.289641399366,2053.0981148785427,601587.9894858663,0.1443627237790992,0.0021373326253987905,-7.7102504e-07,0.0004677144,-1.4343966e-05,0.00023960747,[104.16666667],-184.8885,11692.957,112.19095,4465.102,-10.677276,613.0955,-9.251542,572.4966,8.367704,555.79663,-5.63499,679.36926,-8.690708,351.85944,-1.1276294,174.50633,-15.088062,133.96785,-0.4386407,128.16405,-4.216856,90.73239,0.9607271,95.61337,-1.0202361,75.85031,-7.029274,61.510242,-6.3716235,75.46273,2.6983395,67.64969,-9.246596,100.59968,1.6714284,40.757896,-6.809171,63.03193,1.8898659,39.89329
audios01/train/AC/240812-125829_Audio/drums_louder.wav,AC,71.701375,0.55613893,0.05714034,0.033391047,0.00023629148,1169.454386899893,87817.08585765964,964.07010094735,30874.955391664455,2390.9002843443354,394265.73118061025,0.20147721412243533,0.006185956694737288,-1.3040176e-06,0.00033267745,-1.42823055e-05,0.0005708058,[117.1875],-160.89574,9189.035,78.25588,2244.0486,-6.0767035,764.3344,-21.366272,371.36942,-7.7287674,307.13742,-0.9237251,285.3386,-20.703697,125.91033,6.747179,108.51556,-15.8547,159.80878,0.8678296,72.01018,-3.8158064,57.192314,-0.62075776,109.512314,-0.85570025,104.662186,-7.16178,81.13952,-5.7028456,73.831535,1.2228914,49.528217,-6.064002,50.769844,1.6168408,42.522964,-5.3924417,41.279118,4.1385527,41.464428
audios01/train/AC/240923-143646_Audio/drums_louder.wav,AC,61.61075,0.4587538,0.07498244,0.023286026,0.00014195993,1501.5193836454216,44205.93144502833,987.4240609779047,3334.95597971785,2809.6443406022845,55189.90460833661,0.2889702183930426,0.0025677774067170028,-3.6119104e-06,0.000112175585,-1.4283187e-05,0.00034417072,[117.1875],-197.50226,9024.995,9.893331,2285.3499,-49.131897,1035.714,-39.74586,469.7113,-8.988296,567.2486,4.7549233,423.28763,-25.229181,251.78508,2.1857462,159.05478,-8.65766,124.67173,11.504302,138.22462,2.3208048,118.03253,1.3271385,106.0937,0.64849216,93.08419,15.485419,80.6128,7.2238526,83.40216,4.881693,61.508835,-7.3563776,63.331715,4.5561433,57.98257,1.109088,47.38317,12.329646,59.41065
audios01/train/AC/240812-132709_Audio/drums_louder.wav,AC,68.608125,0.5508725,0.056423973,0.0401506,0.00027993813,1103.8007427127761,64637.76109741288,954.6704312427688,31720.72514134285,2326.610554520037,377956.5179064259,0.17258444125698974,0.0024223060717348424,-7.3382483e-07,0.00049924693,-1.7665856e-05,0.0007815612,[133.92857143],-132.27701,5554.4536,85.683846,1727.5128,-6.988486,350.418,-15.364648,159.79303,1.6622416,197.16112,4.9943967,148.72446,-20.323334,62.14903,3.3978708,61.675343,-14.450214,59.613293,1.0299264,40.668686,-6.8876553,36.642097,1.0682276,35.52165,-3.9780943,43.264977,-8.467966,30.182173,-11.710036,32.020294,-1.1454017,37.087875,-6.459973,24.711248,0.9103325,23.314487,-7.741931,24.14098,2.6893694,33.441826
audios01/train/AC/240923-143323_Audio/drums_louder.wav,AC,59.62675,0.4975864,0.07456578,0.020739838,0.00013223648,1703.015996328714,185249.9994341804,954.9435448258378,11849.74960806053,2895.382074839056,214951.72041102668,0.35110932051368027,0.01496958021019569,-8.598653e-06,0.00010656047,-9.650893e-06,0.00025138253,[117.1875],-250.42781,17955.52,-39.296555,7665.3545,-69.44741,1844.1083,-52.41106,1154.403,-20.03154,960.906,-3.0454054,525.1768,-24.298916,459.02142,-0.1938377,313.07315,-12.037344,252.1762,8.013577,193.87956,2.9743829,203.01924,1.970408,137.94405,1.8838588,96.43401,12.465983,85.94684,7.9881167,88.35179,2.1736352,112.826256,-7.9074225,107.112144,6.4917045,94.581276,-0.3998413,77.969955,12.948454,102.77877
audios01/train/AC/240812-133854_Audio/drums_louder.wav,AC,81.57875,0.556466,0.061409347,0.034842554,0.0002316058,1093.9404945502495,111921.05765795549,901.7967557525925,43098.318078608776,2200.600490196078,512520.57806042145,0.1840173100490196,0.006045106738074748,-1.2263209e-06,0.0004436388,-1.4778647e-05,0.00053126685,[104.16666667],-169.3185,10680.709,89.872055,3876.1519,-17.213795,950.09625,-15.54976,704.47723,5.637671,491.01746,-3.3231006,457.1251,-18.350466,203.66077,9.081375,182.09277,-10.898522,181.62436,4.837239,211.70941,-3.6720388,116.83708,3.0125003,104.39742,0.6086657,110.22179,-4.806872,72.36194,-9.710339,51.326653,2.2441266,65.54754,-4.5968757,92.132835,-1.809263,73.017136,-7.216994,60.525185,3.9926953,50.81728
audios01/train/AC/240923-144202_Audio/drums_louder.wav,AC,61.888125,0.5191876,0.066615656,0.022912266,0.00013605479,1570.1910735306726,64289.41709372451,981.0518184337269,5902.531772401905,2834.161931818182,132339.00464270727,0.32125677944214875,0.003957359694398888,-4.5161946e-06,9.854663e-05,-1.2584544e-05,0.00033854798,[117.1875],-207.62119,9869.489,-3.7158196,2788.838,-59.96415,1189.4086,-53.750854,977.75,-17.054407,432.453,2.7855265,320.06424,-22.702524,212.97014,8.261201,179.37093,-4.720094,165.3731,16.186731,153.50784,2.3769848,120.08596,-0.21323332,111.63875,2.0629735,83.92385,13.919766,77.40154,4.9499946,63.719894,6.3220134,76.748436,-4.6050205,61.663055,5.3263135,66.23203,-0.19585545,60.680325,11.875626,77.509155
audios01/train/AC/240923-142613_Audio/drums_louder.wav,AC,58.837375,0.50133127,0.07520963,0.01952978,0.00011464632,1709.317236704146,103020.44711137301,993.4955968018834,6983.074092888517,2950.692085597826,77680.8717255331,0.3572127632472826,0.007339962996922729,-6.17641e-06,7.4948635e-05,-1.1144057e-05,0.00025856253,[133.92857143],-234.34348,14746.256,-22.693928,3754.389,-58.93942,1784.5782,-50.3474,988.23956,-21.460241,595.2757,-1.5990282,309.86298,-25.501219,218.76295,7.93712,242.94843,-7.6784635,243.16167,13.068802,211.9024,3.7545779,216.68271,1.2641368,129.23563,-0.40635547,114.865204,12.785385,93.97186,8.048077,103.9376,5.2315717,98.549255,-7.0362773,109.50854,7.8427873,72.63273,2.5650454,61.8856,16.1075,73.09554
audios01/train/AC/240812-124438_Audio/drums_louder.wav,AC,30.613375,0.36708558,0.07750802,0.02633761,0.0002874434,559.9396877039794,42517.620653123035,505.14706058375634,40093.235684296065,988.7297755741128,236843.69637952946,0.09229433063674322,0.0011381808456636436,-1.5271007e-06,0.0003714202,-1.2271e-05,0.00041288143,[78.125],-329.39627,12597.051,185.25653,2594.789,-9.277778,2444.4092,-16.426075,973.0975,18.731411,748.65027,-2.549801,613.19257,-8.721194,497.39966,-7.2146745,269.92404,-7.9388714,240.74837,-9.182725,251.98209,-3.4065452,166.25845,-2.6214077,98.650215,3.5464785,95.264755,-3.8859878,119.98025,-6.5153446,104.52502,-2.0662377,79.181816,-12.739244,107.15565,-5.8717585,103.43793,-7.456204,55.817154,3.2080371,75.082184
audios01/train/AC/240923-142152_Audio/drums_louder.wav,AC,57.365375,0.4756154,0.07647506,0.022005515,0.00012872452,1592.623378845796,124708.64965021473,988.8147070723703,16090.535950785497,2835.663147993311,205297.8477393115,0.32969544749860646,0.008944376400711395,-2.7173012e-06,0.000111847934,-1.34247475e-05,0.00029601096,[117.1875],-211.00606,13948.339,8.550867,3861.921,-44.133923,1353.7355,-36.24155,683.4541,-8.369412,452.70792,10.544055,355.58493,-13.752486,230.53671,5.9693108,254.6022,-5.3944592,135.28581,16.516752,169.3759,6.1487675,124.2601,0.72214913,163.28934,-0.493109,86.15881,9.616541,124.05931,7.97062,104.699,2.6700428,60.875072,-9.039329,51.172558,3.9284763,58.48861,-2.0316708,51.312786,10.550789,89.98854
audios01/train/AC/240812-131731_Audio/drums_louder.wav,AC,95.27475,0.5043255,0.063851215,0.03327143,0.00020701125,1063.3449830487934,103657.73900568794,932.538946520152,50057.21942049767,2227.4439640698456,571971.1291412349,0.16619598409167227,0.00398562510811284,-1.8151704e-06,0.00042498557,-1.3813085e-05,0.00047583896,[104.16666667],-173.94426,10732.479,88.03166,2394.5508,2.9486825,786.5027,-13.0090275,580.36774,-4.613597,266.59995,0.8688104,246.37706,-17.025162,199.10986,3.0681922,141.26134,-14.115359,147.91513,1.0957822,91.000984,-4.590785,98.4848,0.0823129,57.82961,-3.6250775,71.86509,-6.3522983,51.80913,-10.3581295,45.33206,-1.3902211,45.52885,-7.056564,38.371853,1.0095896,49.35371,-6.8934307,44.460045,4.920917,29.013435
audios01/train/AC/240905-155201_Audio/drums_louder.wav,AC,84.864125,0.45447278,0.09376354,0.01986673,0.00020948557,2017.8803291492397,386635.3561743532,893.2316347255172,51493.77783368859,2986.6887245666917,536024.8446845874,0.46266580220892994,0.031029844548698015,-1.0368865e-05,6.040114e-05,4.2303823e-06,0.0003799554,[93.75],-327.33875,22592.068,-64.76497,8652.566,-34.05596,3043.0415,-43.631042,2214.7473,-24.22238,1237.7238,-0.78108406,813.854,-11.306424,581.017,18.48645,487.4387,-13.639664,454.45413,6.232579,315.09665,8.683225,334.2487,6.6416907,197.7184,2.6237688,170.7992,2.5418181,145.80386,-0.35783637,163.0304,4.6353307,151.63313,-10.2151,113.45984,-2.3621118,105.82385,-2.5588646,127.6844,4.270091,72.11416
audios01/train/AC/240812-152536_Audio/drums_louder.wav,AC,73.429375,0.53947437,0.06919351,0.028808141,0.00028878165,1092.330266876672,108051.0255804195,831.2350355596944,72259.50128129791,2102.076301175958,606071.1948846923,0.19763991724738675,0.0039441090086071474,-4.531839e-06,0.00024611407,-1.0320439e-05,0.0004970555,[93.75],-218.89258,23861.986,88.97719,4006.8516,-32.59245,1069.1805,-31.535643,686.1958,6.4302716,607.70636,-3.5729036,332.89804,-21.283627,191.59883,-2.0615323,438.6329,-14.588531,190.90587,-4.366398,151.48764,-4.650251,104.40476,5.001514,85.35781,0.17117256,102.421326,-3.8154688,76.58386,-4.9266934,88.49708,4.038057,73.277306,-1.6361367,68.860794,5.3024864,65.83052,-0.12995927,122.929794,6.371191,73.4962
audios01/train/AC/240923-143500_Audio/drums_louder.wav,AC,56.192125,0.48814464,0.072860524,0.022330238,0.00019312797,1691.3557070691866,170414.78935782463,962.8429158363689,10265.703676720519,2900.7928043230945,140083.22501692604,0.3491405361205916,0.014896927055203431,-5.1092397e-06,0.00012083517,-9.579559e-06,0.00034544463,[117.1875],-226.44937,16055.815,-21.759184,6376.5835,-53.506924,1280.3976,-29.312567,805.4556,0.6578951,447.32227,9.334831,306.55725,-15.3139105,187.06616,10.301601,165.22127,-5.708209,143.67389,14.8965025,174.32822,4.684627,159.36523,-0.26449624,133.39247,2.352541,113.004745,14.564629,124.94351,4.3456335,80.592575,-0.21629825,53.334167,-11.174439,76.98829,1.638757,55.70845,-1.8077202,42.90126,10.95138,45.80521
audios01/train/AC/240812-143231_Audio/drums_louder.wav,AC,53.76,0.55464166,0.056861173,0.02911491,6.265861e-05,1122.8627264471147,91972.64713889474,955.1081922417397,40851.674849674586,2344.7904280618313,477912.68216369156,0.17051466353299644,0.0028812761891994394,-1.1089579e-06,0.0003467838,-1.51785935e-05,0.00025025912,[93.75],-167.2546,7081.4683,92.031624,4342.005,-3.8029866,265.36563,-19.387526,575.98303,4.039388,545.49817,3.2891653,253.67746,-18.068956,184.67699,-1.0007435,146.1823,-12.48254,128.37701,-3.2642872,61.80883,-2.903523,63.46766,3.9075418,85.77099,-2.5444098,94.19052,-4.2104373,65.52091,-5.4769154,34.311146,0.7508265,46.455395,-5.6966004,30.994036,2.8975368,25.230696,-6.8764577,48.78385,5.0569324,48.449608
audios01/train/AC/240812-143058_Audio/drums_louder.wav,AC,54.016,0.5323477,0.06597515,0.023250978,0.00016810492,1470.3554638687967,325336.5142664793,948.258960666327,41515.72405593002,2622.855029585799,491009.9406376101,0.291100568602071,0.0314597664294776,-3.338208e-06,0.00023315278,-1.2298294e-05,0.00026928322,[117.1875],-238.70992,19700.977,24.317719,8886.902,-11.803996,2323.4065,-19.456394,1816.4988,-0.5276834,1001.8349,8.826893,495.54272,-8.207914,424.19778,6.740084,411.4548,-12.931051,172.05644,3.0829794,201.59976,3.3190417,186.9498,2.9594858,100.62273,-2.2487915,109.30542,0.96090806,83.00575,-8.453271,93.45482,-2.0864542,60.530087,-5.418748,60.641235,2.1234639,44.302902,-0.29490224,114.23928,4.9457917,63.73014
audios01/train/AC/240812-144805_Audio/drums_louder.wav,AC,55.936,0.57042307,0.06395248,0.025836287,0.00023126435,1413.6542326184085,303752.6478064307,903.4476040354327,69111.97766627536,2501.7321428571427,735980.7817681759,0.2949748883928571,0.020297906789974292,-6.0507687e-06,0.00014404608,-1.0167865e-05,0.00049239333,[133.92857143],-228.16911,15742.513,41.03256,8684.215,-18.428553,2454.471,-32.62979,1310.2537,-12.454375,868.68787,1.8329777,716.7564,-22.170822,365.99142,-2.8326638,349.13553,-11.764836,277.8007,1.8880618,193.06818,-5.345,276.00854,-2.8070638,120.70371,-0.30916584,141.24213,-2.686604,98.176605,-10.843743,125.532425,1.2856623,67.433266,-7.111647,62.247044,2.8162472,78.27563,-1.7406746,95.2367,8.16488,55.774803
audios01/train/AC/240812-144122_Audio/drums_louder.wav,AC,52.629375,0.58841354,0.054660432,0.035997014,0.00017030933,1113.3497512774666,56232.84441801145,963.3317084601147,38089.460214338134,2372.1284553462942,328757.122779819,0.176035179981774,0.0026642315643230757,-3.330282e-06,0.00043998993,-1.3541869e-05,0.00054392184,[93.75],-144.60562,7405.838,82.04459,1543.6672,-4.8402467,1944.4812,-12.282198,639.73694,-8.472591,176.37196,4.174409,175.98125,-14.776461,95.99708,5.567815,71.78158,-12.378557,90.110344,0.90812814,62.25371,-1.5384116,86.417786,2.822127,39.72059,-1.7698697,38.517616,-6.9472146,47.70367,-4.9088798,26.698812,1.9057338,57.542553,-6.922789,28.757927,3.023776,27.574368,-7.3268876,31.239153,5.3153787,35.42591
audios01/train/AC/240812-131942_Audio/drums_louder.wav,AC,68.16,0.5219252,0.061061397,0.03716051,0.0002686283,1124.4564461748228,62567.59677413162,970.1620651862949,25660.162695209583,2363.0577216228894,330760.4978948721,0.17331419295262665,0.0025870520576888024,-7.6426124e-07,0.00047781356,-1.3493954e-05,0.0006538119,[78.125],-143.03528,5344.864,82.29937,1555.4126,-4.7742643,360.42603,-12.785075,446.25476,-9.290136,304.30804,7.572641,212.29788,-20.891684,104.0022,4.5322194,91.20919,-12.447812,67.78266,-0.3619643,52.92646,-3.9032865,63.696934,-0.08811301,66.773865,-4.0993943,64.42894,-6.704787,52.679527,-10.732486,52.651634,-1.0466722,55.449085,-5.093156,48.91116,0.79484236,56.304737,-7.045914,38.214756,3.0838442,55.78155
audios01/train/AC/240812-124146_Audio/drums_louder.wav,AC,118.613375,0.41242665,0.07655807,0.02879404,0.0001914625,904.2235185768484,239875.00729642026,761.1132785250443,119748.76272895993,1756.761141450917,1087292.9701265297,0.1456200065736246,0.007005654764600409,-1.0985517e-06,0.0003917028,-1.24347425e-05,0.0003590199,[104.16666667],-263.56357,15958.013,124.29392,6195.833,17.375217,1730.3118,-25.696875,1322.0026,10.556685,873.00525,0.37315038,514.3277,-17.640406,609.3333,6.3287697,408.84546,-13.110909,305.42548,-7.562655,230.91402,-1.4275221,234.99712,1.5697821,137.93718,1.8531018,140.34135,-6.3253627,106.12256,-11.036958,93.22618,-1.0015721,61.39344,-9.042619,89.64233,-0.13359049,108.56511,-5.482125,66.13928,4.404102,78.54243
audios01/train/AC/240923-144715_Audio/drums_louder.wav,AC,62.912125,0.48235115,0.07701346,0.020286087,0.00016961334,1710.3561881438009,140258.9271317776,952.9155826876777,9124.381232879869,2914.642085873984,109904.65888974527,0.3625666920731707,0.012978520016100066,-7.469505e-06,8.176216e-05,-1.029925e-05,0.00031155386,[104.16666667],-257.37207,20318.977,-37.73767,5577.756,-66.258514,1537.3994,-44.59186,886.17706,-13.410252,956.8402,3.853465,628.84595,-21.680588,375.31638,4.9249077,244.28171,-7.409647,263.5802,12.071458,236.70056,-0.1541804,157.4942,-1.1381776,120.411156,1.8550096,103.8195,13.79753,86.35936,5.570473,79.98186,7.2987537,86.15317,-5.864807,105.059425,5.9086843,93.35363,2.1162536,68.82892,13.286646,110.739265
audios01/train/AC/240812-132923_Audio/drums_louder.wav,AC,69.54675,0.5264129,0.06235235,0.039105427,0.00026149995,1042.865524809374,64787.76833848801,922.7868672714891,33839.684473175126,2163.5845503679852,380798.09737037483,0.1579286633222171,0.002538657683768545,-1.5263595e-06,0.00058411254,-1.3065079e-05,0.0006034768,[93.75],-162.5976,16850.791,88.289,2089.2593,-3.4029036,964.63434,-8.810254,517.93335,1.6413046,239.88766,1.7643962,453.61353,-16.926977,208.42592,2.594838,128.71243,-14.730598,176.8613,-1.7846005,138.68675,-5.7841105,82.06504,-0.015255224,64.39043,-3.2751198,83.31991,-7.970498,57.488552,-8.454578,57.646397,0.088939846,64.474915,-8.566005,51.479298,1.4415138,42.244934,-7.3428135,64.40222,3.764502,55.848972
audios01/train/AC/240923-142318_Audio/drums_louder.wav,AC,52.629375,0.5096412,0.064889215,0.025169868,0.00015989863,1519.3687682944753,125312.39093438564,977.1815918894985,9858.354674590619,2787.833194106926,165327.76494638374,0.30672961915249086,0.009869689831610979,-2.5261686e-06,0.00014261238,-1.29934e-05,0.0003611682,[104.16666667],-184.26569,11657.108,21.456858,3951.1902,-35.548615,724.5442,-31.695887,482.33704,-6.256413,290.20215,6.1678042,231.39679,-21.176926,196.69315,6.051296,103.45329,-10.024082,126.37274,10.111317,115.71234,1.6615653,125.10101,-0.562279,146.02448,-1.4378476,112.211205,12.100601,54.755905,1.722459,47.88849,3.4441497,45.130478,-8.047539,45.56959,5.0601063,53.670498,0.12532203,43.635433,9.839948,62.151054
audios01/train/AC/240812-153633_Audio/drums_louder.wav,AC,54.165375,0.5459382,0.066139646,0.023297887,8.283329e-05,1111.4521747018093,279908.6942710056,775.9912749359601,72017.89497288984,2037.7573420897284,922254.8023195902,0.2064080716868359,0.01262266868205409,-1.6479548e-06,0.000186693,-1.4393098e-05,0.00020965401,[104.16666667],-256.86005,16039.103,90.97333,13379.361,-30.253113,2444.0623,-25.037725,1345.4026,-9.232115,883.9175,3.834929,834.9392,-10.213476,958.5593,-0.07284038,977.7003,-16.839275,293.76736,7.431183,308.4998,3.0770607,265.12793,-1.8155096,232.38577,5.751832,180.2069,2.394375,234.56671,-2.8201857,120.10453,1.2253044,116.773224,-4.867451,206.81174,4.3444924,134.56715,1.5397357,90.67484,9.440688,115.593636
audios01/train/AC/240812-124820_Audio/drums_louder.wav,AC,77.16275,0.48451096,0.07341136,0.027972184,0.00015053921,1313.6538986991307,261208.29089319074,978.7118452555017,51993.12912137584,2485.3693770729683,590627.2730018159,0.2163458424025705,0.01725112442585917,-1.7270379e-06,0.00037195877,-1.3442245e-05,0.00030112863,[85.22727273],-206.83708,9676.957,58.43237,6509.358,4.221099,2174.2678,3.048335,1419.8774,-2.3343153,715.4228,-1.5955448,433.61816,-17.106493,576.69116,11.669202,406.005,-15.922481,262.74347,6.5518265,155.43771,-1.1129227,179.89822,3.5412028,145.28194,-2.1156108,116.446335,-2.6893706,75.087326,-9.312206,139.56018,-0.41127533,64.43833,-9.753729,81.060936,1.9502016,61.26429,-4.986453,44.587097,2.3033986,48.72662
audios01/train/AC/240812-125037_Audio/drums_louder.wav,AC,77.013375,0.51266575,0.0662493,0.030095223,0.00022910659,1227.9639875974403,226635.35372303703,893.2423357014476,54550.784108108506,2308.3471760797343,593974.4360363957,0.22235938797757476,0.01443588277498653,-1.1774754e-06,0.00034160446,-1.2001796e-05,0.00044502263,[133.92857143],-204.19136,13117.386,74.65292,7732.2227,-12.124694,2795.318,-12.993251,1082.7565,-1.5290698,755.66144,7.9622545,635.5871,-8.704314,350.714,9.036114,327.8324,-13.404164,221.26729,4.794948,202.74434,1.3252776,196.82841,1.6341387,99.01928,-0.38272116,141.06993,-1.373544,85.14413,-12.009949,100.3936,-1.5329492,56.87364,-4.9075527,56.17627,1.126155,51.06958,-7.8087606,50.15789,3.1387951,57.45877
audios01/train/AC/240812-143603_Audio/drums_louder.wav,AC,69.312125,0.4970643,0.07317026,0.027566958,0.00020657318,1022.5909250105963,142454.1530624218,838.0177792702165,81437.95651678428,2066.4819245848707,700855.2212475629,0.1674016410574262,0.004981187161518416,-1.5741924e-06,0.00034406866,-1.3778097e-05,0.00032694245,[156.25],-224.77168,17119.688,98.965126,4707.34,-6.7927694,1052.6603,-17.803066,1291.9619,9.920473,745.3099,7.8144937,469.08536,-17.664259,433.45804,2.0072315,315.42178,-11.78493,180.79414,-0.81872344,120.7835,-4.531483,105.55358,0.4189741,70.80274,3.5373719,87.65706,-6.4087186,87.34917,-5.8590503,99.975174,5.828297,49.313343,-7.622164,50.050003,1.661599,45.133873,-3.432786,96.38682,1.0520054,69.85243
audios01/train/AC/240923-142436_Audio/drums_louder.wav,AC,73.89875,0.4244067,0.08181893,0.02167762,0.00022476912,1608.666500503046,277749.45313611865,966.6426083222868,26562.23532240353,2774.1984577922076,385680.0052108588,0.3248951569264069,0.02344374213895417,-5.6127587e-06,0.000120294615,-1.163387e-05,0.00035265103,[117.1875],-267.21005,35483.67,6.4211683,3986.2017,-41.845367,2511.01,-38.110077,975.954,-1.6217242,619.3718,6.3807874,366.85764,-17.169786,311.8186,7.130341,210.8336,-3.3632627,257.6901,10.456179,242.28668,1.7074481,174.9211,1.2994598,117.32148,-1.398154,108.970695,6.6382737,115.00222,3.5228508,73.317215,2.497084,71.68117,-8.386999,68.303314,0.97494906,59.590363,-2.0241137,55.14858,12.594825,62.330303
audios01/train/AC/240812-130356_Audio/drums_louder.wav,AC,68.224125,0.5091147,0.06799384,0.03382158,0.00019069841,1241.876538650613,146321.46262077868,1000.7246535817884,34910.71607241303,2485.612406279288,411517.65617376985,0.19659887169048734,0.007210210303848357,-1.7498223e-07,0.0004153075,-1.3543231e-05,0.0005084864,[133.92857143],-161.7846,7894.508,68.980934,3509.4133,7.034015,1667.8497,-2.3433263,522.8406,-0.28809142,483.3196,6.5486593,242.5924,-17.20374,175.51915,9.871842,114.88019,-10.328114,109.77384,7.133555,91.07865,-0.68718815,102.45593,4.008089,86.51535,-2.5273485,74.78988,-5.0295706,61.356827,-9.867482,55.99872,1.7565625,54.13551,-6.3940015,51.600468,2.9404914,46.700497,-8.092905,36.88169,1.5334044,50.259747
